City_ID,City,Country,Date,Lat,Lng,Max Temp,Humidity,Cloudiness,Wind Speed
0,Saint-Joseph,RE,2021-04-06 13:08:47,-21.3667,55.6167,84.2,70,52,11.5
1,Dikson,RU,2021-04-06 13:08:47,73.5069,80.5464,0.36,98,18,6.17
2,Castillejos,PH,2021-04-06 13:08:48,14.9333,120.2,80.6,65,20,5.75
3,Torbay,CA,2021-04-06 13:04:09,47.6666,-52.7314,41.0,100,90,19.57
4,Kegums,LV,2021-04-06 13:08:48,56.7451,24.7244,45.0,42,40,14.97
5,Sola,VU,2021-04-06 13:08:48,-13.8833,167.55,77.0,100,20,15.32
6,Nador,MA,2021-04-06 13:08:49,35.174,-2.9287,71.6,68,0,6.91
7,Ribeira Grande,PT,2021-04-06 13:08:49,38.5167,-28.7,66.2,72,40,18.41
8,Georgetown,MY,2021-04-06 13:08:49,5.4112,100.3354,82.4,83,40,5.75
9,Chicama,PE,2021-04-06 13:03:58,-7.8447,-79.1469,66.2,94,90,9.22
10,Esperance,AU,2021-04-06 13:08:49,-33.8667,121.9,66.2,94,90,5.75
11,Bilibino,RU,2021-04-06 13:08:50,68.0546,166.4372,-19.75,99,83,4.0
12,Yaan,NG,2021-04-06 13:08:50,7.3833,8.5667,103.91,25,9,2.51
13,Dunedin,NZ,2021-04-06 13:07:33,-45.8742,170.5036,55.99,82,35,3.0
14,Cherskiy,RU,2021-04-06 13:08:51,68.75,161.3,-26.55,100,47,3.2
15,Kinchil,MX,2021-04-06 13:08:51,20.9167,-89.95,71.6,68,75,8.05
16,Praya,CV,2021-04-06 13:08:51,14.9215,-23.5087,82.4,44,0,20.71
17,Rikitea,PF,2021-04-06 13:08:51,-23.1203,-134.9692,77.27,73,100,13.8
18,Talcahuano,CL,2021-04-06 13:08:52,-36.7167,-73.1167,57.2,94,90,2.3
19,Busselton,AU,2021-04-06 13:08:52,-33.65,115.3333,65.8,84,80,4.9
20,Manta,EC,2021-04-06 13:08:52,-0.95,-80.7333,73.4,88,40,2.3
21,Lompoc,US,2021-04-06 13:08:53,34.6391,-120.4579,48.2,87,98,5.75
22,Amzacea,RO,2021-04-06 13:08:53,43.95,28.4,62.01,71,20,19.57
23,Klaksvik,FO,2021-04-06 13:08:53,62.2266,-6.589,28.4,69,75,31.07
24,Ushuaia,AR,2021-04-06 13:05:43,-54.8,-68.3,48.2,53,40,12.66
25,Elliot,ZA,2021-04-06 13:08:54,-31.3333,27.85,58.46,84,74,7.87
26,Ambalavao,MG,2021-04-06 13:08:54,-21.8333,46.9333,75.58,53,0,4.65
27,Vao,NC,2021-04-06 13:08:54,-22.6667,167.4833,75.52,71,61,23.73
28,Bluff,NZ,2021-04-06 13:08:55,-46.6,168.3333,54.0,87,99,11.01
29,Saskylakh,RU,2021-04-06 13:08:55,71.9167,114.0833,10.89,86,100,14.43
30,Wentzville,US,2021-04-06 13:08:55,38.8114,-90.8529,63.0,75,1,9.35
31,Tessalit,ML,2021-04-06 13:08:55,20.1986,1.0114,96.24,6,0,8.57
32,Huarmey,PE,2021-04-06 13:08:56,-10.0681,-78.1522,71.73,82,86,6.02
33,Punta Arenas,CL,2021-04-06 13:08:56,-53.15,-70.9167,48.2,76,75,9.22
34,Bambous Virieux,MU,2021-04-06 13:08:56,-20.3428,57.7575,86.0,70,40,8.05
35,San Quintin,MX,2021-04-06 13:08:57,30.4833,-115.95,57.33,86,31,11.27
36,Coquimbo,CL,2021-04-06 13:08:57,-29.9533,-71.3436,62.6,63,0,6.91
37,Fairbanks,US,2021-04-06 13:08:57,64.8378,-147.7164,-5.01,76,1,3.44
38,Mataura,NZ,2021-04-06 13:08:58,-46.1927,168.8643,54.0,87,92,11.01
39,Chokurdakh,RU,2021-04-06 13:08:58,70.6333,147.9167,-26.21,95,59,3.02
40,Khatanga,RU,2021-04-06 13:08:58,71.9667,102.5,6.6,97,92,6.85
41,Winnemucca,US,2021-04-06 13:08:59,40.973,-117.7357,12.2,79,1,5.75
42,Colombo,LK,2021-04-06 13:08:59,6.9319,79.8478,87.8,74,6,3.44
43,Hithadhoo,MV,2021-04-06 13:08:59,-0.6,73.0833,83.52,65,52,9.66
44,Nikolskoye,RU,2021-04-06 13:04:29,59.7035,30.7861,39.2,52,75,8.95
45,San Cristobal,VE,2021-04-06 13:05:01,7.7669,-72.225,77.0,94,40,2.3
46,Sao Gabriel Da Cachoeira,BR,2021-04-06 13:09:00,-0.1303,-67.0892,77.0,94,90,4.61
47,Chuy,UY,2021-04-06 13:09:00,-33.6971,-53.4616,73.92,71,0,7.2
48,Albany,US,2021-04-06 13:07:32,42.6001,-73.9662,46.99,31,1,1.99
49,Mweka,CD,2021-04-06 13:09:00,-4.85,21.5667,83.89,62,95,4.07
50,Zyryanka,RU,2021-04-06 13:09:01,65.75,150.85,0.12,93,100,9.15
51,Andenes,NO,2021-04-06 13:09:01,69.3143,16.1194,37.4,87,75,31.07
52,Nadym,RU,2021-04-06 13:09:01,65.5333,72.5167,33.1,98,100,15.03
53,Charlestown,AU,2021-04-06 13:09:02,-32.95,151.6667,71.01,97,30,4.27
54,Talnakh,RU,2021-04-06 13:09:02,69.4865,88.3972,30.15,98,100,3.36
55,Ponta Do Sol,PT,2021-04-06 13:09:02,32.6667,-17.1,64.0,62,100,11.99
56,Cabo San Lucas,MX,2021-04-06 13:09:03,22.8909,-109.9124,71.6,26,1,9.22
57,Vardo,NO,2021-04-06 13:09:03,70.3705,31.1107,37.4,65,0,25.32
58,Saint-Philippe,RE,2021-04-06 13:09:03,-21.3585,55.7679,84.2,70,55,11.5
59,Severo-Kurilsk,RU,2021-04-06 13:04:15,50.6789,156.125,26.38,73,58,17.76
60,Bredasdorp,ZA,2021-04-06 13:09:04,-34.5322,20.0403,73.4,53,100,18.41
61,Bengkulu,ID,2021-04-06 13:09:04,-3.8004,102.2655,77.76,83,100,3.94
62,Kutum,SD,2021-04-06 13:09:04,14.2,24.6667,92.8,7,0,8.59
63,Saldanha,ZA,2021-04-06 13:09:05,-33.0117,17.9442,78.8,41,78,4.61
64,Cidreira,BR,2021-04-06 13:09:05,-30.1811,-50.2056,75.42,69,41,9.86
65,Kyshtovka,RU,2021-04-06 13:09:05,56.555,76.6271,33.93,86,100,15.48
66,Hobart,AU,2021-04-06 13:09:05,-42.8794,147.3294,57.99,88,75,0.72
67,Kununurra,AU,2021-04-06 13:05:40,-15.7667,128.7333,78.8,78,75,3.38
68,Sangin,AF,2021-04-06 13:09:06,32.0728,64.8359,75.87,6,0,17.85
69,Dali,CN,2021-04-06 13:09:06,25.7,100.1833,51.66,85,17,5.39
70,Kantemirovka,RU,2021-04-06 13:09:06,49.7089,39.8592,52.07,49,93,14.85
71,Kavaratti,IN,2021-04-06 13:09:07,10.5669,72.642,84.34,69,55,9.71
72,Hualmay,PE,2021-04-06 13:09:07,-11.0964,-77.6139,71.11,81,73,7.56
73,Makat,KZ,2021-04-06 13:09:07,47.6469,53.3463,57.22,38,92,23.29
74,Barrow,US,2021-04-06 13:09:08,71.2906,-156.7887,-7.6,71,20,6.91
75,Soyo,AO,2021-04-06 13:09:08,-6.1349,12.3689,84.63,65,67,5.46
76,Kapaa,US,2021-04-06 13:09:08,22.0752,-159.319,73.4,64,40,19.57
77,Tuatapere,NZ,2021-04-06 13:09:09,-46.1333,167.6833,54.0,87,100,11.01
78,San Juan,AR,2021-04-06 13:09:09,-31.5375,-68.5364,77.14,54,0,7.09
79,Sioux Lookout,CA,2021-04-06 13:09:09,50.1001,-91.917,28.4,100,20,2.3
80,Boa Vista,BR,2021-04-06 13:09:09,2.8197,-60.6733,75.2,94,90,2.3
81,Atuona,PF,2021-04-06 13:09:10,-9.8,-139.0333,79.97,79,73,9.31
82,Aracaju,BR,2021-04-06 13:09:10,-10.9111,-37.0717,82.4,74,40,6.91
83,Dwarka,IN,2021-04-06 13:08:18,22.2394,68.9678,83.28,66,0,14.34
84,Lavrentiya,RU,2021-04-06 13:06:16,65.5833,-171.0,-8.88,96,24,8.9
85,Coihaique,CL,2021-04-06 13:05:54,-45.5752,-72.0662,51.8,82,75,4.61
86,Iguai,BR,2021-04-06 13:09:11,-14.7564,-40.0892,79.54,58,31,7.11
87,Hurricane,US,2021-04-06 13:09:11,37.1753,-113.2899,54.0,26,1,9.22
88,Iqaluit,CA,2021-04-06 13:09:11,63.7506,-68.5145,12.2,85,90,5.75
89,Taoudenni,ML,2021-04-06 13:09:11,22.6783,-3.9836,95.45,5,4,13.38
90,Makakilo City,US,2021-04-06 13:09:12,21.3469,-158.0858,71.6,73,1,4.61
91,Yucaipa,US,2021-04-06 13:09:12,34.0336,-117.0431,51.8,82,75,1.52
92,Sao Joao Da Barra,BR,2021-04-06 13:09:12,-21.6403,-41.0511,77.0,73,20,4.61
93,Vila Franca Do Campo,PT,2021-04-06 13:04:39,37.7167,-25.4333,62.6,94,75,12.66
94,Nanortalik,GL,2021-04-06 13:09:13,60.1432,-45.2371,36.0,95,100,4.05
95,Comodoro Rivadavia,AR,2021-04-06 13:08:15,-45.8667,-67.5,55.4,94,75,8.05
96,Bilimbay,RU,2021-04-06 13:09:13,56.9689,59.8149,42.8,45,0,8.95
97,Iwanai,JP,2021-04-06 13:09:14,42.9744,140.5089,35.67,70,100,6.96
98,Broken Hill,AU,2021-04-06 13:09:14,-31.95,141.4333,69.8,26,0,11.5
99,Saint George,US,2021-04-06 13:09:14,37.1041,-113.5841,54.0,26,1,9.22
100,Souillac,MU,2021-04-06 13:09:15,-20.5167,57.5167,86.0,70,40,8.05
101,Eyl,SO,2021-04-06 13:09:15,7.9803,49.8164,84.67,46,53,14.63
102,East London,ZA,2021-04-06 13:05:24,-33.0153,27.9116,66.2,77,40,6.91
103,Ossora,RU,2021-04-06 13:09:15,59.2353,163.0719,2.59,94,95,5.66
104,Qaanaaq,GL,2021-04-06 13:09:16,77.484,-69.3632,1.45,75,100,0.38
105,Moosomin,CA,2021-04-06 13:09:16,50.1333,-101.6677,34.36,68,0,4.18
106,Carnarvon,AU,2021-04-06 13:09:16,-24.8667,113.6333,78.8,73,52,14.97
107,Bethel,US,2021-04-06 13:09:17,41.3712,-73.414,51.8,30,1,12.66
108,Rio Grande,BR,2021-04-06 13:09:17,-32.035,-52.0986,77.0,100,40,10.36
109,New Norfolk,AU,2021-04-06 13:09:17,-42.7826,147.0587,57.99,78,20,1.01
110,Yellowknife,CA,2021-04-06 13:09:17,62.456,-114.3525,19.4,93,90,14.97
111,Isangel,VU,2021-04-06 13:09:18,-19.55,169.2667,76.23,80,70,11.48
112,Port Elizabeth,ZA,2021-04-06 13:09:18,-33.918,25.5701,66.2,77,90,14.97
113,Yar-Sale,RU,2021-04-06 13:09:18,66.8333,70.8333,30.58,94,100,15.32
114,Jhanjharpur,IN,2021-04-06 13:09:19,26.2667,86.2833,90.03,9,0,5.7
115,Warrington,GB,2021-04-06 13:04:33,53.3925,-2.5802,46.4,46,40,24.16
116,Devli,IN,2021-04-06 13:09:19,25.75,75.3833,98.06,8,2,16.73
117,Slave Lake,CA,2021-04-06 13:09:19,55.2834,-114.769,32.0,80,1,2.95
118,Santiago Del Estero,AR,2021-04-06 13:09:20,-27.7951,-64.2615,73.92,80,72,6.85
119,Castro,BR,2021-04-06 13:09:20,-24.7911,-50.0119,66.83,70,94,5.46
120,Avarua,CK,2021-04-06 13:09:20,-21.2078,-159.775,80.6,74,40,13.8
121,Pangnirtung,CA,2021-04-06 13:09:20,66.1451,-65.7125,5.0,78,20,3.13
122,Port Alfred,ZA,2021-04-06 13:09:21,-33.5906,26.891,65.8,75,100,17.43
123,Airai,TL,2021-04-06 13:05:03,-8.9266,125.4092,60.39,90,45,1.66
124,Tasiilaq,GL,2021-04-06 13:09:21,65.6145,-37.6368,21.2,79,90,4.61
125,Vraca,BA,2021-04-06 13:09:21,43.8422,18.3955,33.8,80,75,17.27
126,Biltine,TD,2021-04-06 13:09:22,14.5333,20.9167,101.48,7,7,7.99
127,Antofagasta,CL,2021-04-06 13:09:22,-23.65,-70.4,73.0,82,20,10.36
128,Honiara,SB,2021-04-06 13:04:41,-9.4333,159.95,78.8,87,100,3.47
129,Kodiak,US,2021-04-06 13:09:22,57.79,-152.4072,33.8,55,90,7.63
130,Puerto Ayora,EC,2021-04-06 13:09:23,-0.7393,-90.3518,75.0,95,17,5.68
131,Mahebourg,MU,2021-04-06 13:09:23,-20.4081,57.7,86.0,70,40,8.05
132,Coahuayana,MX,2021-04-06 13:04:51,18.7333,-103.6833,66.2,88,40,3.71
133,Alpoyeca,MX,2021-04-06 13:09:23,17.6667,-98.5167,65.98,74,4,2.66
134,Hagondange,FR,2021-04-06 13:09:24,49.2513,6.1681,46.0,45,75,19.57
135,Mar Del Plata,AR,2021-04-06 13:06:42,-38.0023,-57.5575,72.0,100,90,6.91
136,Morro Bay,US,2021-04-06 13:09:24,35.3658,-120.8499,50.0,88,97,5.68
137,Yulara,AU,2021-04-06 13:09:24,-25.2406,130.9889,75.2,29,0,5.75
138,Naze,JP,2021-04-06 13:09:25,28.3667,129.4833,61.9,69,17,16.67
139,Pisco,PE,2021-04-06 13:05:07,-13.7,-76.2167,69.8,78,63,3.44
140,Maraa,BR,2021-04-06 13:09:25,-1.8333,-65.3667,74.46,96,100,1.39
141,Hasaki,JP,2021-04-06 13:09:25,35.7333,140.8333,50.0,81,40,9.22
142,Laguna,US,2021-04-06 13:09:26,38.421,-121.4238,48.0,87,1,4.61
143,Brookings,US,2021-04-06 13:06:48,44.3114,-96.7984,45.0,53,1,14.97
144,Emba,KZ,2021-04-06 13:09:26,48.8264,58.1442,55.94,49,100,15.37
145,Hilo,US,2021-04-06 13:09:26,19.7297,-155.09,66.2,88,90,8.05
146,Vitim,RU,2021-04-06 13:09:27,59.4511,112.5578,27.63,98,100,4.45
147,Faya,SA,2021-04-06 13:09:27,18.3851,42.4509,82.4,18,34,6.91
148,Bethanien,NA,2021-04-06 13:09:27,-26.502,17.1583,91.49,10,4,8.25
149,Pakokku,MM,2021-04-06 13:09:02,21.3333,95.1,91.4,25,0,2.44
150,Sur,OM,2021-04-06 13:09:28,22.5667,59.5289,84.9,35,0,8.46
151,Vaini,TO,2021-04-06 13:09:28,-21.2,-175.2,73.4,94,20,8.68
152,Bogotol,RU,2021-04-06 13:06:02,56.2078,89.5342,36.63,97,100,12.8
153,Hermanus,ZA,2021-04-06 13:09:28,-34.4187,19.2345,73.0,66,97,8.99
154,Am Timan,TD,2021-04-06 13:09:29,11.0297,20.2827,105.85,6,1,5.7
155,Margate,GB,2021-04-06 13:05:29,51.3813,1.3862,45.0,33,95,8.01
156,Launceston,AU,2021-04-06 13:06:31,-41.45,147.1667,55.0,82,100,3.44
157,Touros,BR,2021-04-06 13:09:29,-5.1989,-35.4608,84.2,65,75,11.5
158,Pevek,RU,2021-04-06 13:09:29,69.7008,170.3133,-20.38,100,100,5.59
159,Nanuque,BR,2021-04-06 13:09:30,-17.8392,-40.3539,80.46,61,56,8.59
160,Bulgan,MN,2021-04-06 13:09:30,48.8125,103.5347,43.74,29,92,2.77
161,Imbituba,BR,2021-04-06 13:09:30,-28.24,-48.6703,73.4,83,75,5.75
162,College,US,2021-04-06 13:04:31,64.8569,-147.8028,-5.01,76,20,2.04
163,Acari,PE,2021-04-06 13:09:31,-15.4311,-74.6158,74.82,73,53,4.23
164,Oriximina,BR,2021-04-06 13:09:31,-1.7656,-55.8661,81.54,77,12,3.71
165,Hirara,JP,2021-04-06 13:09:31,24.8,125.2833,69.04,65,0,23.02
166,Butaritari,KI,2021-04-06 13:09:32,3.0707,172.7902,78.49,77,100,8.39
167,Luancheng,CN,2021-04-06 13:09:32,37.8792,114.6517,55.4,58,0,2.24
168,Sao Filipe,CV,2021-04-06 13:09:32,14.8961,-24.4956,78.51,57,0,10.36
169,Katsuura,JP,2021-04-06 13:09:32,35.1333,140.3,52.0,76,75,11.5
170,Broome,US,2021-04-06 13:09:33,42.2506,-75.833,41.0,48,1,8.05
171,Orocue,CO,2021-04-06 13:09:33,4.7912,-71.3354,74.88,91,100,5.06
172,Petropavlovsk-Kamchatskiy,RU,2021-04-06 13:09:33,53.0452,158.6483,28.4,69,17,2.24
173,Mujiayingzi,CN,2021-04-06 13:09:34,42.1167,118.7833,51.89,34,100,8.77
174,Ryotsu,JP,2021-04-06 13:09:34,38.0833,138.4333,51.8,76,0,3.44
175,Byron Bay,AU,2021-04-06 13:04:56,-28.65,153.6167,69.8,94,100,11.5
176,Harper,LR,2021-04-06 13:09:34,4.375,-7.7169,84.9,71,97,7.14
177,Saint-Ambroise,CA,2021-04-06 13:06:28,48.5501,-71.3324,41.0,93,100,5.75
178,Lithgow,AU,2021-04-06 13:09:35,-33.4833,150.15,57.99,43,80,3.15
179,Yinchuan,CN,2021-04-06 13:09:35,38.4681,106.2731,48.0,45,100,7.4
180,Aswan,EG,2021-04-06 13:09:36,24.0934,32.907,95.67,6,0,6.58
181,Provideniya,RU,2021-04-06 13:09:36,64.3833,-173.3,0.3,90,77,10.09
182,Lagoa,PT,2021-04-06 13:09:36,39.05,-27.9833,58.69,90,99,21.0
183,Kavieng,PG,2021-04-06 13:09:36,-2.5744,150.7967,81.18,78,96,4.34
184,Hihya,EG,2021-04-06 13:09:37,30.6713,31.588,93.0,10,2,8.05
185,Victoria,HK,2021-04-06 13:04:54,22.2855,114.1577,75.0,80,53,1.99
186,Ilulissat,GL,2021-04-06 13:09:37,69.2167,-51.1,21.2,79,75,9.22
187,Saquena,PE,2021-04-06 13:09:37,-4.6667,-73.5167,74.88,88,66,1.5
188,Fortuna,US,2021-04-06 13:09:38,40.5982,-124.1573,39.99,100,1,6.91
189,Capitao Poco,BR,2021-04-06 13:09:38,-1.7464,-47.0594,83.71,68,94,6.76
190,Oum Hadjer,TD,2021-04-06 13:09:38,13.2954,19.6966,104.41,6,39,6.91
191,Logan,US,2021-04-06 13:07:19,41.7355,-111.8344,34.0,80,90,4.61
192,Barroquinha,BR,2021-04-06 13:09:39,-3.0189,-41.1361,84.45,63,27,7.25
193,Mont-Dore,NC,2021-04-06 13:09:39,-22.2833,166.5833,71.6,78,0,3.44
194,Moussoro,TD,2021-04-06 13:09:39,13.6408,16.4901,106.0,6,0,6.91
195,Adrar,MR,2021-04-06 13:09:39,20.5022,-10.0711,92.62,9,3,7.63
196,Smoky Lake,CA,2021-04-06 13:09:40,54.1169,-112.4686,35.6,60,17,3.44
197,Ixtapa,MX,2021-04-06 13:09:40,20.7,-105.2,68.0,88,20,3.38
198,Ngunguru,NZ,2021-04-06 13:09:40,-35.6167,174.5,61.0,92,100,1.99
199,Ikongo,MG,2021-04-06 13:09:41,-21.8833,47.4333,74.84,84,74,4.27
200,Alugan,PH,2021-04-06 13:09:41,12.2188,125.4808,78.26,83,78,10.87
201,Tiksi,RU,2021-04-06 13:09:41,71.6872,128.8694,-17.05,97,51,5.01
202,Phan Thiet,VN,2021-04-06 13:09:42,10.9333,108.1,79.18,80,78,16.17
203,Mecca,SA,2021-04-06 13:09:42,21.4267,39.8261,97.61,20,0,21.45
204,Poronaysk,RU,2021-04-06 13:09:42,49.2167,143.1167,33.01,92,100,15.3
205,Vidalia,US,2021-04-06 13:09:42,32.2177,-82.4135,57.2,67,1,4.61
206,Norman Wells,CA,2021-04-06 13:09:43,65.282,-126.8329,-13.0,84,40,4.61
207,Baijiantan,CN,2021-04-06 13:09:43,45.6333,85.1833,62.4,34,48,2.66
208,Acapulco,MX,2021-04-06 13:09:43,16.8634,-99.8901,77.0,78,75,4.61
209,Haines Junction,CA,2021-04-06 13:09:44,60.7522,-137.5108,15.8,79,100,6.91
210,Clarence Town,AU,2021-04-06 13:09:44,-32.5833,151.7833,68.0,100,90,2.3
211,Tual,ID,2021-04-06 13:09:07,-5.6667,132.75,84.45,67,100,6.33
212,Kruisfontein,ZA,2021-04-06 13:09:44,-34.0033,24.7314,66.0,80,98,5.99
213,Saint-Denis,FR,2021-04-06 13:09:45,48.9167,2.3333,46.0,61,75,9.22
214,Axim,GH,2021-04-06 13:09:45,4.8699,-2.2405,86.63,67,77,8.61
215,Palmer,US,2021-04-06 13:09:04,42.1584,-72.3287,50.0,40,20,13.8
216,Belmonte,BR,2021-04-06 13:09:45,-15.8631,-38.8828,77.0,78,75,8.05
217,Faanui,PF,2021-04-06 13:09:46,-16.4833,-151.75,80.19,67,100,9.98
218,Cockburn Town,TC,2021-04-06 13:08:12,21.4612,-71.1419,73.65,66,91,18.3
219,Hulan,CN,2021-04-06 13:05:17,45.9833,126.6,41.0,42,0,2.24
220,Cheyenne,US,2021-04-06 13:05:00,41.14,-104.8203,33.8,80,1,13.8
221,Hambantota,LK,2021-04-06 13:09:46,6.1241,81.1185,84.2,84,20,5.75
222,Mokshan,RU,2021-04-06 13:09:47,53.4365,44.6132,34.2,99,100,7.23
223,Japura,ID,2021-04-06 13:09:47,-0.3167,102.35,76.69,90,91,3.0
224,Port Hawkesbury,CA,2021-04-06 13:09:47,45.6169,-61.3485,43.0,100,90,9.22
225,Black River,JM,2021-04-06 13:09:47,18.0264,-77.8487,81.0,73,20,16.11
226,Constitucion,CL,2021-04-06 13:09:48,-35.3333,-72.4167,59.52,77,100,4.56
227,Angoram,PG,2021-04-06 13:09:48,-4.0625,144.0661,74.66,92,99,2.01
228,Xixiang,CN,2021-04-06 13:05:09,35.1628,112.865,57.78,48,100,2.86
229,Borgarnes,IS,2021-04-06 13:09:49,64.5383,-21.9206,27.0,57,100,5.99
230,Meulaboh,ID,2021-04-06 13:04:56,4.1363,96.1285,78.75,84,100,1.57
231,Mildura,AU,2021-04-06 13:09:29,-34.2,142.15,59.0,36,1,1.14
232,Arraial Do Cabo,BR,2021-04-06 13:05:46,-22.9661,-42.0278,71.6,88,40,8.05
233,Malanje,AO,2021-04-06 13:09:49,-9.5402,16.341,74.64,80,99,4.52
234,Birao,CF,2021-04-06 13:09:49,10.2849,22.7882,106.93,6,0,7.49
235,Thompson,CA,2021-04-06 13:09:50,55.7435,-97.8558,28.4,93,90,12.66
236,Maun,BW,2021-04-06 13:09:50,-19.9833,23.4167,92.5,19,47,7.92
237,Jamestown,US,2021-04-06 13:09:50,42.097,-79.2353,48.0,71,1,2.59
238,Mastic Beach,US,2021-04-06 13:09:51,40.7668,-72.8521,51.8,30,1,17.27
239,Sumkino,RU,2021-04-06 13:09:51,58.1108,68.3244,38.3,76,21,10.4
240,Agadez,NE,2021-04-06 13:09:51,19.75,10.25,96.73,4,0,2.84
241,Flers,FR,2021-04-06 13:09:52,48.7372,-0.5747,42.8,56,75,17.27
242,Cape Town,ZA,2021-04-06 13:09:52,-33.9258,18.4232,78.01,41,0,8.05
243,Ugoofaaru,MV,2021-04-06 13:09:52,5.6667,73.0,83.75,70,11,7.4
244,Shimoda,JP,2021-04-06 13:09:52,34.6667,138.95,55.0,79,100,1.01
245,Sept-Iles,CA,2021-04-06 13:09:53,50.2001,-66.3821,44.6,93,90,8.05
246,Malangwa,NP,2021-04-06 13:09:53,26.8568,85.5581,89.1,9,0,2.1
247,Staryy Nadym,RU,2021-04-06 13:09:53,65.6118,72.6842,33.13,98,100,14.63
248,Kalabo,ZM,2021-04-06 13:09:54,-14.97,22.6814,87.78,26,29,9.46
249,Vanavara,RU,2021-04-06 13:09:54,60.34,102.2797,35.17,97,100,5.14
250,Geraldton,AU,2021-04-06 13:09:54,-28.7667,114.6,71.6,78,100,8.05
251,Maamba,ZM,2021-04-06 13:09:55,-17.3667,27.15,83.93,42,6,8.55
252,Cayenne,GF,2021-04-06 13:09:55,4.9333,-52.3333,84.2,79,75,11.5
253,San Carlos Del Zulia,VE,2021-04-06 13:09:55,9.0,-71.9135,78.12,87,100,3.76
254,Pochutla,MX,2021-04-06 13:09:55,15.7432,-96.4661,75.2,69,90,2.71
255,Raga,SS,2021-04-06 13:09:56,8.4596,25.678,104.02,6,85,5.84
256,Tura,IN,2021-04-06 13:09:56,25.5198,90.2201,78.03,17,0,3.2
257,Upernavik,GL,2021-04-06 13:09:56,72.7868,-56.1549,12.22,92,100,8.59
258,Brae,GB,2021-04-06 13:09:57,60.3964,-1.353,33.8,86,90,35.68
259,Manono,CD,2021-04-06 13:09:57,-7.3,27.4167,87.4,52,56,5.19
260,Krasnoselkup,RU,2021-04-06 13:09:57,65.7,82.4667,33.53,99,100,7.47
261,Kathmandu,NP,2021-04-06 13:09:58,27.7167,85.3167,69.8,40,40,3.44
262,Qasigiannguit,GL,2021-04-06 13:09:58,68.8193,-51.1922,21.2,79,75,9.22
263,Vinh,VN,2021-04-06 13:09:58,18.6667,105.6667,75.13,88,5,6.13
264,Auki,SB,2021-04-06 13:09:59,-8.7676,160.7034,76.82,88,100,6.49
265,Sisimiut,GL,2021-04-06 13:09:59,66.9395,-53.6735,25.68,84,100,16.22
266,Ancud,CL,2021-04-06 13:09:59,-41.8697,-73.8203,57.0,100,90,11.5
267,Mittagong,AU,2021-04-06 13:10:00,-34.45,150.45,70.0,91,20,0.92
268,Zhuhai,CN,2021-04-06 13:10:00,22.2769,113.5678,80.01,83,20,10.36
269,Zima,RU,2021-04-06 13:10:00,53.9202,102.0442,31.1,97,90,3.13
270,Portland,US,2021-04-06 13:08:48,45.5234,-122.6762,37.99,75,1,1.79
271,Mount Pleasant,US,2021-04-06 13:10:01,32.7941,-79.8626,63.0,67,1,8.9
272,Lebork,PL,2021-04-06 13:07:24,54.5392,17.7501,41.0,56,75,18.41
273,Barrhead,GB,2021-04-06 13:10:01,55.7992,-4.3929,44.6,36,100,16.11
274,Tuktoyaktuk,CA,2021-04-06 13:10:04,69.4541,-133.0374,-6.61,98,100,10.36
275,Biak,ID,2021-04-06 13:10:04,-0.9131,122.8766,77.97,80,23,4.72
276,Kathu,TH,2021-04-06 13:10:05,7.9178,98.3332,86.0,94,75,3.44
277,Jiwani,PK,2021-04-06 13:10:05,25.05,61.7417,83.79,56,0,14.27
278,Leningradskiy,RU,2021-04-06 13:10:05,69.3833,178.4167,-15.34,98,99,5.28
279,Murgab,TM,2021-04-06 13:10:06,37.4966,61.9714,77.0,29,0,9.22
280,San Policarpo,PH,2021-04-06 13:06:08,12.1791,125.5072,78.82,82,81,11.41
281,Gornyatskiy,RU,2021-04-06 13:10:06,48.2915,40.9575,51.22,50,56,16.91
282,Zhangzhou,CN,2021-04-06 13:10:06,24.5133,117.6556,68.0,56,40,11.18
283,Ukhta,RU,2021-04-06 13:10:07,63.5671,53.6835,38.86,76,100,6.89
284,Ankang,CN,2021-04-06 13:10:07,32.68,109.0172,61.65,65,100,4.34
285,Varhaug,NO,2021-04-06 13:10:07,58.6147,5.6457,37.99,88,94,7.0
286,Pangkalanbuun,ID,2021-04-06 13:10:08,-2.6833,111.6167,76.96,91,100,3.02
287,Ketchikan,US,2021-04-06 13:08:57,55.3422,-131.6461,38.66,97,100,3.96
288,Aginskoye,RU,2021-04-06 13:10:08,51.1,114.53,34.07,50,64,3.85
289,Antigonish,CA,2021-04-06 13:10:08,45.6169,-61.9986,43.0,99,100,1.99
290,Kalundborg,DK,2021-04-06 13:10:09,55.6795,11.0886,43.0,70,40,18.41
291,Bowen,AU,2021-04-06 13:10:09,-20.0167,148.2333,77.0,94,90,3.44
292,Mount Gambier,AU,2021-04-06 13:10:09,-37.8333,140.7667,51.8,93,0,4.61
293,Yabrud,SY,2021-04-06 13:08:09,33.9674,36.6574,84.2,11,0,5.75
294,Den Helder,NL,2021-04-06 13:08:06,52.9599,4.7593,41.0,60,40,20.71
295,Asfi,MA,2021-04-06 13:10:10,32.2994,-9.2372,64.33,80,100,8.63
296,Praxedis Guerrero,MX,2021-04-06 13:10:10,31.3667,-106.0167,68.0,10,90,9.22
297,Mitsamiouli,KM,2021-04-06 13:10:11,-11.3847,43.2844,81.86,76,100,13.09
298,Thaba Nchu,ZA,2021-04-06 13:10:11,-29.2093,26.839,82.4,32,40,10.36
299,Kargopol,RU,2021-04-06 13:10:11,61.5071,38.9456,38.86,91,100,13.49
300,Longyearbyen,SJ,2021-04-06 13:10:11,78.2186,15.6401,12.2,48,20,14.97
301,Shingu,JP,2021-04-06 13:10:12,33.7333,135.9833,52.11,94,100,4.07
302,Puttur,IN,2021-04-06 13:10:12,12.7667,75.2167,86.0,74,40,6.91
303,Codrington,AU,2021-04-06 13:10:12,-38.2667,141.9667,54.48,92,11,7.4
304,Vila Velha,BR,2021-04-06 13:10:13,-20.3297,-40.2925,82.4,57,20,6.91
305,Nouadhibou,MR,2021-04-06 13:10:13,20.931,-17.0347,78.8,44,0,20.71
306,San Patricio,US,2021-04-06 13:05:30,28.017,-97.5169,71.01,94,75,12.66
307,Buala,SB,2021-04-06 13:10:13,-8.145,159.5921,80.22,82,100,5.86
308,Lufilufi,WS,2021-04-06 13:10:14,-13.8745,-171.5986,75.2,94,75,4.61
309,Kolokani,ML,2021-04-06 13:10:14,13.5728,-8.0339,105.17,4,0,13.94
310,Kamien Pomorski,PL,2021-04-06 13:10:14,53.9685,14.7726,45.0,52,75,18.41
311,Kenai,US,2021-04-06 13:10:15,60.5544,-151.2583,8.6,66,1,8.32
312,Shenjiamen,CN,2021-04-06 13:10:15,29.9576,122.298,54.46,65,97,7.18
313,Buraydah,SA,2021-04-06 13:10:15,26.326,43.975,87.8,15,0,6.91
314,Gewane,ET,2021-04-06 13:10:16,10.1664,40.6453,100.26,10,100,11.5
315,Bonthe,SL,2021-04-06 13:10:16,7.5264,-12.505,86.41,65,59,10.89
316,Tecoanapa,MX,2021-04-06 13:10:16,16.5167,-98.75,75.0,69,100,3.74
317,Gigmoto,PH,2021-04-06 13:10:16,13.7796,124.39,77.81,80,99,10.85
318,Lakes Entrance,AU,2021-04-06 13:10:17,-37.8811,147.981,60.01,96,100,4.23
319,Peterhead,GB,2021-04-06 13:10:17,57.5058,-1.7981,37.0,80,75,19.57
320,Ostrovnoy,RU,2021-04-06 13:10:17,68.0531,39.5131,34.75,97,100,21.34
321,Itarema,BR,2021-04-06 13:10:18,-2.9248,-39.9167,85.01,60,95,14.07
322,Goderich,CA,2021-04-06 13:10:18,43.7501,-81.7165,48.2,57,99,9.22
323,Juneau,US,2021-04-06 13:09:03,58.3019,-134.4197,33.8,86,90,5.75
324,Namibe,AO,2021-04-06 13:10:18,-15.1961,12.1522,82.67,64,74,9.46
325,Colonia,DE,2021-04-06 13:10:19,50.9333,6.95,43.0,87,40,12.66
326,Stornoway,GB,2021-04-06 13:10:19,58.2093,-6.3865,37.0,69,40,25.32
327,Vestmannaeyjar,IS,2021-04-06 13:10:19,63.4427,-20.2734,28.4,43,20,10.36
328,Markova,UA,2021-04-06 13:10:20,48.6758,24.4138,37.4,81,75,2.24
329,Nanchang,CN,2021-04-06 13:06:12,28.6833,115.8833,61.95,79,100,4.99
330,Rethimnon,GR,2021-04-06 13:10:20,35.3647,24.4714,73.99,64,0,19.57
331,Sabha,LY,2021-04-06 13:08:04,27.0377,14.4283,85.15,17,6,10.11
332,Banyumas,ID,2021-04-06 13:10:20,-7.5142,109.2942,76.33,96,100,2.77
333,Van Buren,US,2021-04-06 13:10:21,35.4368,-94.3483,60.8,82,40,4.76
334,La Ronge,CA,2021-04-06 13:10:21,55.1001,-105.2842,30.2,74,57,2.3
335,Arlit,NE,2021-04-06 13:10:21,18.7369,7.3853,101.03,3,0,3.6
336,Honningsvag,NO,2021-04-06 13:10:22,70.9821,25.9704,33.8,86,75,19.57
337,Tilichiki,RU,2021-04-06 13:10:22,60.4667,166.1,-2.18,95,100,8.3
338,Rezekne,LV,2021-04-06 13:10:22,56.5,27.3167,40.89,52,99,14.45
339,Chapais,CA,2021-04-06 13:10:22,49.7834,-74.8492,30.2,64,1,3.06
340,Aklavik,CA,2021-04-06 13:10:23,68.2191,-135.0107,-13.0,77,100,2.3
341,Tautira,PF,2021-04-06 13:10:23,-17.7333,-149.15,77.0,73,20,1.14
342,Narsaq,GL,2021-04-06 13:10:23,60.9167,-46.05,37.4,81,75,5.75
343,Nanakuli,US,2021-04-06 13:10:24,21.3906,-158.1547,71.01,73,1,4.61
344,Krasnovishersk,RU,2021-04-06 13:10:24,60.4078,57.082,34.5,100,100,1.48
345,Ibra,OM,2021-04-06 13:10:24,22.6906,58.5334,98.04,10,0,10.4
346,Killybegs,IE,2021-04-06 13:10:24,54.6333,-8.45,45.0,70,20,13.8
347,Takoradi,GH,2021-04-06 13:10:25,4.8845,-1.7554,86.56,67,67,11.1
348,Chimbote,PE,2021-04-06 13:10:25,-9.0853,-78.5783,70.43,84,97,5.73
349,Atar,MR,2021-04-06 13:10:25,20.5169,-13.0499,96.03,10,6,7.81
350,Rongcheng,CN,2021-04-06 13:10:26,30.634,117.8517,60.46,70,100,3.83
351,Kent,GB,2021-04-06 13:10:26,51.1667,0.6667,46.0,36,100,4.0
352,Doka,SD,2021-04-06 13:10:26,13.5167,35.7667,103.87,12,23,7.36
353,Tawang,IN,2021-04-06 13:10:27,27.5833,91.8667,47.01,67,100,3.33
354,Jumla,NP,2021-04-06 13:10:27,29.2747,82.1838,51.24,76,96,5.17
355,Yishui,CN,2021-04-06 13:10:27,35.7847,118.6281,53.96,36,100,4.09
356,Shakawe,BW,2021-04-06 13:10:28,-18.3667,21.85,90.91,21,40,6.04
357,Nome,US,2021-04-06 13:10:28,64.5011,-165.4064,12.2,73,90,11.5
358,Deputatskiy,RU,2021-04-06 13:10:28,69.3,139.9,-11.99,99,98,2.59
359,Jacobabad,PK,2021-04-06 13:10:28,28.281,68.4388,96.13,13,0,16.28
360,Luderitz,NA,2021-04-06 13:10:29,-26.6481,15.1594,72.07,61,0,21.56
361,Linguere,SN,2021-04-06 13:10:29,15.3953,-15.1193,105.8,14,0,9.22
362,Richards Bay,ZA,2021-04-06 13:05:59,-28.783,32.0377,75.15,78,60,5.48
363,Buchanan,LR,2021-04-06 13:10:29,5.8808,-10.0467,89.6,66,75,3.44
364,Napasar,IN,2021-04-06 13:10:30,27.9667,73.55,98.26,11,1,16.31
365,Pointe-Noire,CG,2021-04-06 13:10:30,-4.7761,11.8635,86.0,74,75,9.22
366,Ust-Nera,RU,2021-04-06 13:10:30,64.5667,143.2,7.84,97,100,3.36
367,Kaitangata,NZ,2021-04-06 13:10:31,-46.2817,169.8464,57.0,71,22,8.01
368,Namatanai,PG,2021-04-06 13:10:31,-3.6667,152.4333,79.56,83,100,4.45
369,Kokstad,ZA,2021-04-06 13:10:31,-30.5472,29.4241,58.59,90,99,6.31
370,Gambela,ET,2021-04-06 13:10:31,8.25,34.5833,103.03,20,55,5.37
371,The Valley,AI,2021-04-06 13:10:32,18.217,-63.0578,82.4,73,40,10.36
372,Moses Lake,US,2021-04-06 13:10:32,47.1301,-119.2781,30.2,74,1,4.16
373,Dajal,PK,2021-04-06 13:10:32,29.5577,70.3762,79.29,38,21,20.51
374,Kant,IN,2021-04-06 13:10:33,27.8,79.8,96.62,8,72,6.78
375,Saint-Georges,GD,2021-04-06 13:10:33,12.0564,-61.7485,86.0,70,20,17.27
376,Araguaina,BR,2021-04-06 13:10:33,-7.1911,-48.2072,83.66,67,25,6.29
377,Oil City,US,2021-04-06 13:10:34,41.4339,-79.7064,54.0,62,1,5.75
378,Husavik,IS,2021-04-06 13:10:34,66.0449,-17.3389,21.2,63,75,5.75
379,Prince Rupert,CA,2021-04-06 13:07:25,54.3161,-130.3201,39.2,93,90,6.91
380,Wahiawa,US,2021-04-06 13:10:34,21.5028,-158.0236,71.01,77,1,8.05
381,Fallon,US,2021-04-06 13:10:35,39.4735,-118.7774,28.4,50,1,4.61
382,Bonfim,BR,2021-04-06 13:10:35,3.0833,-59.95,75.2,100,90,11.5
383,Ghorawal,IN,2021-04-06 13:10:35,24.7667,82.7833,92.95,8,0,3.11
384,Atlantis,ZA,2021-04-06 13:10:36,-33.5667,18.4834,73.0,60,93,10.16
385,Rocha,UY,2021-04-06 13:10:36,-34.4833,-54.3333,72.21,82,0,6.73
386,Humberto De Campos,BR,2021-04-06 13:10:36,-2.5983,-43.4611,85.71,62,55,8.55
387,Gao,ML,2021-04-06 13:10:36,16.6362,1.637,102.4,4,5,4.36
388,Bereda,ES,2021-04-06 13:10:37,43.2686,-7.5406,55.99,71,23,18.01
389,Salalah,OM,2021-04-06 13:10:37,17.0151,54.0924,87.8,55,0,6.91
390,Gotsu,JP,2021-04-06 13:10:37,35.0,132.2167,47.01,76,0,3.98
391,Rusape,ZW,2021-04-06 13:10:38,-18.5278,32.1284,77.0,35,0,11.34
392,Mangan,IN,2021-04-06 13:10:38,27.5167,88.5333,70.74,41,50,2.06
393,Bathsheba,BB,2021-04-06 13:10:38,13.2167,-59.5167,84.2,58,75,18.41
394,Te Anau,NZ,2021-04-06 13:10:39,-45.4167,167.7167,47.8,93,100,0.51
395,Batagay,RU,2021-04-06 13:10:39,67.6333,134.6333,-13.05,97,75,2.59
396,Abalak,RU,2021-04-06 13:10:39,58.1286,68.5944,37.63,77,36,10.49
397,Arica,CL,2021-04-06 13:10:39,-18.475,-70.3042,66.2,82,30,6.91
398,Komsomolskiy,UZ,2021-04-06 13:10:40,40.4272,71.7189,64.4,34,18,4.61
399,Murray Bridge,AU,2021-04-06 13:10:40,-35.1167,139.2667,57.99,96,0,6.24
400,Derzhavinsk,KZ,2021-04-06 13:10:41,51.1,66.3167,32.94,99,100,6.46
401,Nazca,PE,2021-04-06 13:10:41,-14.8333,-74.95,72.99,67,82,3.8
402,Hojai,IN,2021-04-06 13:10:41,26.0,92.8667,84.72,15,4,2.91
403,Mehamn,NO,2021-04-06 13:10:41,71.0357,27.8492,35.6,75,75,28.77
404,Labuhan,ID,2021-04-06 13:10:42,-6.8844,112.2051,81.14,84,100,7.76
405,Anjozorobe,MG,2021-04-06 13:10:42,-18.4,47.8667,84.2,42,40,8.05
406,Spokane,US,2021-04-06 13:08:57,47.6166,-117.3677,34.0,69,1,3.44
407,Dutlwe,BW,2021-04-06 13:10:42,-23.9833,23.9,86.88,23,52,3.44
408,Banepa,NP,2021-04-06 13:10:43,27.6298,85.5214,69.8,40,40,3.44
409,Cap Malheureux,MU,2021-04-06 13:10:43,-19.9842,57.6142,81.0,76,7,5.01
410,Lusambo,CD,2021-04-06 13:10:43,-4.9667,23.45,87.24,53,100,6.26
411,Petresti,RO,2021-04-06 13:10:44,44.65,25.3333,59.0,58,30,8.99
412,Kirakira,SB,2021-04-06 13:10:44,-10.4544,161.9205,79.86,82,93,6.02
413,Bac Lieu,VN,2021-04-06 13:10:44,9.285,105.7244,82.26,71,36,13.33
414,Guerrero Negro,MX,2021-04-06 13:10:45,27.9769,-114.0611,59.67,86,100,11.99
415,Bay Roberts,CA,2021-04-06 13:10:45,47.5999,-53.2648,42.8,100,90,11.5
416,Menongue,AO,2021-04-06 13:10:45,-14.6585,17.691,82.2,35,77,8.5
417,Manzhouli,CN,2021-04-06 13:10:45,49.6,117.4333,30.56,29,5,2.77
418,Atkarsk,RU,2021-04-06 13:09:14,51.8718,45.0078,34.0,99,100,15.93
419,Poum,NC,2021-04-06 13:05:56,-20.2333,164.0167,78.39,75,54,20.92
420,Sitka,US,2021-04-06 13:10:46,57.0531,-135.33,35.6,80,90,14.97
421,Lebu,CL,2021-04-06 13:10:26,-37.6167,-73.65,55.38,94,100,10.94
422,Baghmara,IN,2021-04-06 13:10:46,23.795,86.2085,93.94,8,0,7.38
423,Okhotsk,RU,2021-04-06 13:10:47,59.3833,143.3,7.39,86,28,3.85
424,Poyarkovo,RU,2021-04-06 13:10:47,49.6,128.6833,24.58,51,60,16.71
425,Lazaro Cardenas,MX,2021-04-06 13:10:47,17.9583,-102.2,72.54,80,1,5.06
426,Barranca,PE,2021-04-06 13:10:48,-10.75,-77.7667,70.63,80,58,5.44
427,Yerbogachen,RU,2021-04-06 13:10:48,61.2767,108.0108,29.84,94,100,4.05
428,Sorland,NO,2021-04-06 13:10:48,67.667,12.6934,39.2,70,75,37.98
429,Jiuquan,CN,2021-04-06 13:10:49,39.7432,98.5174,52.18,36,97,12.91
430,Ulety,RU,2021-04-06 13:10:49,51.3572,112.4849,30.02,75,19,3.22
431,Muravlenko,RU,2021-04-06 13:10:49,63.7898,74.523,31.86,99,100,4.5
432,Ouadda,CF,2021-04-06 13:10:49,8.0777,22.4007,105.24,8,27,6.82
433,Bahia Honda,CU,2021-04-06 13:10:50,22.9036,-83.1592,70.93,69,48,8.52
434,Kulhudhuffushi,MV,2021-04-06 13:10:50,6.6221,73.07,84.0,72,3,5.59
435,Nantucket,US,2021-04-06 13:06:20,41.2835,-70.0995,46.4,76,90,16.11
436,Misratah,LY,2021-04-06 13:10:05,32.3754,15.0925,65.17,61,0,14.63
437,Las Cruces,US,2021-04-06 13:10:45,32.3123,-106.7783,64.4,16,1,11.5
438,Pachino,IT,2021-04-06 13:10:51,36.7186,15.0907,62.6,72,75,23.02
439,Hofn,IS,2021-04-06 13:10:51,64.2539,-15.2082,23.81,51,13,16.51
440,Niceville,US,2021-04-06 13:09:50,30.5169,-86.4822,64.4,94,1,2.98
441,Kyren,RU,2021-04-06 13:10:51,51.6828,102.1408,42.1,57,79,1.81
442,Korla,CN,2021-04-06 13:10:52,41.7597,86.1469,59.05,22,69,10.38
443,Port Lincoln,AU,2021-04-06 13:10:52,-34.7333,135.8667,64.9,73,0,12.03
444,Fengzhen,CN,2021-04-06 13:10:52,40.4394,113.1536,47.21,56,94,8.77
445,Port Arthur,CN,2021-04-06 13:10:52,38.8,121.2667,53.6,43,0,6.71
446,Iroquois Falls,CA,2021-04-06 13:10:53,48.7669,-80.6831,37.4,48,75,10.36
447,Basco,PH,2021-04-06 13:10:53,20.4487,121.9702,74.59,73,100,21.7
448,Sharjah,AE,2021-04-06 13:06:39,25.3573,55.4033,84.0,44,0,12.66
449,Maldonado,UY,2021-04-06 13:06:27,-34.6667,-54.9167,73.0,88,75,6.91
450,Nizhnevartovsk,RU,2021-04-06 13:10:54,60.9344,76.5531,35.6,93,90,11.18
451,Asau,RO,2021-04-06 13:10:54,46.4333,26.4,61.0,20,100,7.27
452,Puerto Ayacucho,VE,2021-04-06 13:10:54,5.6639,-67.6236,78.35,81,99,4.76
453,Beringovskiy,RU,2021-04-06 13:10:54,63.05,179.3167,-8.64,94,52,8.5
454,Bykovo,RU,2021-04-06 13:10:55,55.6361,38.0803,51.8,37,0,15.66
455,Nishihara,JP,2021-04-06 13:10:55,26.1842,127.7558,68.0,72,40,12.66
456,Sechura,PE,2021-04-06 13:10:55,-5.5569,-80.8222,73.53,75,100,9.44
457,Clinton,US,2021-04-06 13:10:56,42.587,-82.9199,51.01,100,75,4.61
458,Chanute,US,2021-04-06 13:10:56,37.6792,-95.4572,64.4,72,1,19.57
459,Conakry,GN,2021-04-06 13:10:56,9.538,-13.6773,81.59,76,8,9.17
460,Fereydun Kenar,IR,2021-04-06 13:10:27,36.6864,52.5225,75.2,38,0,11.5
461,Zarechnyy,RU,2021-04-06 13:10:57,53.2036,45.1923,37.36,93,99,8.72
462,Raudeberg,NO,2021-04-06 13:10:57,61.9875,5.1352,42.01,84,100,22.5
463,Caiaponia,BR,2021-04-06 13:10:57,-16.9567,-51.8103,75.97,71,63,6.89
464,Aasiaat,GL,2021-04-06 13:05:58,68.7098,-52.8699,20.08,92,100,9.06
465,Afua,BR,2021-04-06 13:10:58,-0.1567,-50.3867,80.87,82,100,5.64
466,Mnogovershinnyy,RU,2021-04-06 13:10:58,53.9353,139.9242,20.86,94,100,15.48
467,Tsiroanomandidy,MG,2021-04-06 13:06:15,-18.7667,46.0333,81.75,56,99,2.37
468,Los Angeles,US,2021-04-06 13:07:19,34.0522,-118.2437,55.4,76,75,2.75
469,Assiniboia,CA,2021-04-06 13:10:58,49.6334,-105.9845,26.6,59,0,3.44
470,Kristiinankaupunki,FI,2021-04-06 13:06:07,62.2743,21.376,33.49,94,100,12.97
471,Washington,US,2021-04-06 13:08:36,47.5001,-120.5015,41.0,57,0,8.99
472,Mount Isa,AU,2021-04-06 13:10:59,-20.7333,139.5,82.4,36,100,5.75
473,Zhigansk,RU,2021-04-06 13:10:59,66.7697,123.3711,-9.6,99,24,8.93
474,Vestmanna,FO,2021-04-06 13:11:00,62.1564,-7.1664,28.4,69,75,31.07
475,Loreto,MX,2021-04-06 13:11:00,22.2667,-101.9667,55.26,61,12,4.94
476,Los Aquijes,PE,2021-04-06 13:11:00,-14.0967,-75.6908,69.8,78,86,3.44
477,Atbasar,KZ,2021-04-06 13:11:01,51.8,68.3333,32.56,100,100,5.93
478,Sangar,RU,2021-04-06 13:11:01,63.9242,127.4739,-15.99,99,40,2.51
479,Bambanglipuro,ID,2021-04-06 13:11:01,-7.95,110.2833,78.78,86,100,7.76
480,Gayny,RU,2021-04-06 13:11:01,60.3071,54.3241,36.73,85,99,6.02
481,Ahipara,NZ,2021-04-06 13:11:02,-35.1667,173.1667,63.05,93,100,7.05
482,Junction City,US,2021-04-06 13:11:02,39.0286,-96.8314,64.4,72,75,17.27
483,Sile,TR,2021-04-06 13:11:02,41.1754,29.6133,64.4,63,0,4.61
484,Cumpas,MX,2021-04-06 13:11:03,29.9833,-109.7833,63.18,17,8,2.71
485,Samarai,PG,2021-04-06 13:11:03,-10.6167,150.6667,81.86,80,90,9.69
486,San Lawrenz,MT,2021-04-06 13:11:03,36.0553,14.204,64.4,63,20,19.57
487,Izumo,JP,2021-04-06 13:11:04,35.3667,132.7667,48.2,81,75,2.3
488,Saint-Pierre,RE,2021-04-06 13:11:04,-21.3393,55.4781,84.2,70,45,11.5
489,Kiunga,PG,2021-04-06 13:11:04,-6.1219,141.2906,73.9,99,100,1.83
490,Tahta,EG,2021-04-06 13:11:04,26.7693,31.5021,91.4,14,0,5.75
491,Okato,NZ,2021-04-06 13:11:05,-39.2,173.8833,52.0,77,23,3.0
492,Hearst,CA,2021-04-06 13:11:05,49.6835,-83.6665,41.0,75,100,9.22
493,General Pico,AR,2021-04-06 13:11:05,-35.6566,-63.7568,72.68,77,6,14.63
494,Uji,JP,2021-04-06 13:11:06,34.8833,135.8,52.0,94,100,1.99
495,Tamandare,BR,2021-04-06 13:11:06,-8.7597,-35.1047,83.61,60,100,8.55
496,Sambava,MG,2021-04-06 13:11:06,-14.2667,50.1667,84.04,68,97,7.38
497,Kainantu,PG,2021-04-06 13:11:07,-6.2887,145.8655,60.96,97,100,2.57
498,Hibbing,US,2021-04-06 13:11:07,47.4272,-92.9377,42.8,65,1,8.05
499,Tateyama,JP,2021-04-06 13:11:07,34.9833,139.8667,52.0,68,100,5.99
500,Praia Da Vitoria,PT,2021-04-06 13:11:08,38.7333,-27.0667,62.01,94,75,18.59
501,Nioro,GM,2021-04-06 13:11:08,13.35,-15.75,99.75,15,4,4.23
502,Hamilton,US,2021-04-06 13:10:47,39.1834,-84.5333,61.0,58,75,3.44
503,Bogomila,MK,2021-04-06 13:11:08,41.5931,21.4717,62.6,48,20,2.3
504,Vallenar,CL,2021-04-06 13:11:09,-28.5708,-70.7581,70.45,47,0,2.13
505,Paamiut,GL,2021-04-06 13:11:09,61.994,-49.6678,33.8,98,100,7.43
506,Jinan,CN,2021-04-06 13:06:13,36.6683,116.9972,64.0,41,100,1.99
507,Shelburne,CA,2021-04-06 13:11:09,44.0787,-80.2041,44.01,52,99,8.88
508,Alta Floresta,BR,2021-04-06 13:11:10,-9.8756,-56.0861,78.22,84,100,1.68
509,Hovd,MN,2021-04-06 13:11:10,48.0056,91.6419,45.18,21,83,2.39
510,Gazanjyk,TM,2021-04-06 13:11:10,39.2446,55.5154,81.36,14,1,15.14
511,Iralaya,HN,2021-04-06 13:11:11,15.0,-83.2333,77.0,88,40,9.35
512,Dongying,CN,2021-04-06 13:11:11,37.4564,118.4856,57.43,36,100,6.82
513,Itoman,JP,2021-04-06 13:11:11,26.1247,127.6694,68.0,73,40,19.57
514,Indianola,US,2021-04-06 13:11:11,41.3581,-93.5574,63.0,69,100,9.35
515,Kjollefjord,NO,2021-04-06 13:11:12,70.9457,27.3465,35.6,75,75,28.77
516,Tres Arroyos,AR,2021-04-06 13:11:12,-38.3739,-60.2798,73.49,61,20,10.67
517,Birobidzhan,RU,2021-04-06 13:11:13,48.8,132.95,30.52,42,30,10.38
518,Ciudad Del Maiz,MX,2021-04-06 13:11:13,22.4,-99.6,55.35,87,35,3.04
519,Waipawa,NZ,2021-04-06 13:11:13,-41.4122,175.5153,55.4,94,2,6.91
520,Soligalich,RU,2021-04-06 13:11:14,59.0778,42.2864,43.83,72,27,13.22
521,Barguzin,RU,2021-04-06 13:11:14,53.6167,109.6167,28.22,80,68,2.73
522,Rome,US,2021-04-06 13:09:28,34.257,-85.1647,51.8,76,1,3.42
523,Abu Samrah,SY,2021-04-06 13:11:14,35.3029,37.1841,83.43,11,0,15.9
524,Cururupu,BR,2021-04-06 13:11:14,-1.8283,-44.8683,87.64,57,28,6.87
525,Pacific Grove,US,2021-04-06 13:08:28,36.6177,-121.9166,51.8,82,90,4.32
526,Lata,PT,2021-04-06 13:11:15,40.1629,-8.3327,77.0,43,10,7.14
527,Honolulu,US,2021-04-06 13:08:38,21.3069,-157.8583,71.6,64,20,17.27
528,Banda Aceh,ID,2021-04-06 13:11:15,5.5577,95.3222,80.1,82,100,8.3
529,Telimele,GN,2021-04-06 13:11:16,10.9167,-13.3333,99.61,25,5,3.56
530,Lekoni,GA,2021-04-06 13:11:16,-1.5843,14.2591,90.77,42,99,4.9
531,Saint-Augustin,CA,2021-04-06 13:11:16,51.226,-58.6502,39.97,99,100,16.84
532,Changzhou,CN,2021-04-06 13:07:04,31.7833,119.9667,60.01,53,100,3.0
533,Ikom,NG,2021-04-06 13:06:25,5.9667,8.7063,100.8,34,89,4.9
534,Sorong,ID,2021-04-06 13:11:17,-0.8833,131.25,83.07,73,100,7.72
535,Quatre Cocos,MU,2021-04-06 13:11:17,-20.2078,57.7625,86.0,70,40,8.05
536,Khowst,AF,2021-04-06 13:11:17,33.3833,69.8833,57.31,67,67,7.18
537,Edd,ER,2021-04-06 13:11:18,13.9297,41.6925,95.81,29,6,22.91
538,Hanzhong,CN,2021-04-06 13:11:18,33.0728,107.0303,61.74,64,100,0.85
539,Gusinoye Ozero,RU,2021-04-06 13:11:18,51.1144,106.2614,43.18,54,97,3.6
540,Berlevag,NO,2021-04-06 13:11:19,70.8578,29.0864,35.6,75,40,17.27
541,Urumqi,CN,2021-04-06 13:08:08,43.801,87.6005,62.6,25,0,6.71
542,Codajas,BR,2021-04-06 13:11:19,-3.8367,-62.0569,77.09,91,100,2.08
543,Talladega,US,2021-04-06 13:11:19,33.4359,-86.1058,52.0,87,40,3.15
544,Champerico,GT,2021-04-06 13:11:20,14.3,-91.9167,75.2,88,0,5.73
545,Beloha,MG,2021-04-06 13:07:04,-25.1667,45.05,76.39,63,99,11.72
546,Tara,RU,2021-04-06 13:11:20,56.8944,74.371,35.4,87,100,14.14
547,Maniitsoq,GL,2021-04-06 13:11:20,65.4167,-52.9,25.92,79,100,5.86
548,Mezen,RU,2021-04-06 13:11:21,65.8522,44.24,41.04,78,100,14.67
549,Saint Anthony,US,2021-04-06 13:11:21,45.0205,-93.218,51.8,62,1,8.05
550,Vieux-Habitants,GP,2021-04-06 13:11:21,16.0589,-61.7659,82.4,69,40,9.22
551,Mae Hong Son,TH,2021-04-06 13:11:22,19.3003,97.9685,69.8,88,40,3.44
552,Kapit,MY,2021-04-06 13:11:22,2.0167,112.9333,75.99,94,100,1.61
553,Balestrand,NO,2021-04-06 13:11:23,61.2076,6.5334,36.0,74,75,13.8
554,Amla,IN,2021-04-06 13:11:23,21.9333,78.1167,92.32,10,2,5.06
555,Novobeysugskaya,RU,2021-04-06 13:11:23,45.472,39.8861,57.42,50,7,13.49
556,Vrangel,RU,2021-04-06 13:11:24,42.7297,133.0839,41.05,85,30,6.49
557,Finnsnes,NO,2021-04-06 13:11:24,69.2296,17.9811,35.6,87,90,18.41
558,Ajdabiya,LY,2021-04-06 13:11:24,30.7554,20.2263,68.45,55,6,21.14
